{
  "__inputs": [
    {
      "name": "DS_PROMETHEUS-FHY",
      "label": "Prometheus-fhy",
      "description": "",
      "type": "datasource",
      "pluginId": "prometheus",
      "pluginName": "Prometheus"
    }
  ],
  "__requires": [
    {
      "type": "grafana",
      "id": "grafana",
      "name": "Grafana",
      "version": "6.3.6"
    },
    {
      "type": "panel",
      "id": "graph",
      "name": "Graph",
      "version": ""
    },
    {
      "type": "datasource",
      "id": "prometheus",
      "name": "Prometheus",
      "version": "1.0.0"
    },
    {
      "type": "panel",
      "id": "table",
      "name": "Table",
      "version": ""
    }
  ],
  "annotations": {
    "list": [
      {
        "builtIn": 1,
        "datasource": "-- Grafana --",
        "enable": true,
        "hide": true,
        "iconColor": "rgba(0, 211, 255, 1)",
        "name": "Annotations & Alerts",
        "type": "dashboard"
      }
    ]
  },
  "description": "cAdvisor with node selection",
  "editable": true,
  "gnetId": 13946,
  "graphTooltip": 0,
  "id": null,
  "iteration": 1614060605302,
  "links": [],
  "panels": [
    {
      "collapsed": false,
      "datasource": "${DS_PROMETHEUS-FHY}",
      "gridPos": {
        "h": 1,
        "w": 24,
        "x": 0,
        "y": 0
      },
      "id": 6,
      "panels": [],
      "title": "Node",
      "type": "row"
    },
    {
      "columns": [],
      "datasource": "${DS_PROMETHEUS-FHY}",
      "description": "",
      "fieldConfig": {
        "defaults": {
          "custom": {
            "align": "center",
            "filterable": true
          },
          "mappings": [],
          "thresholds": {
            "mode": "absolute",
            "steps": [
              {
                "color": "green",
                "value": null
              },
              {
                "color": "red",
                "value": 80
              }
            ]
          }
        },
        "overrides": [
          {
            "matcher": {
              "id": "byName",
              "options": "cpu使用率"
            },
            "properties": [
              {
                "id": "unit",
                "value": "percent"
              },
              {
                "id": "custom.displayMode",
                "value": "color-background"
              },
              {
                "id": "color",
                "value": {
                  "mode": "continuous-BlYlRd"
                }
              }
            ]
          },
          {
            "matcher": {
              "id": "byName",
              "options": "内存使用量"
            },
            "properties": [
              {
                "id": "unit",
                "value": "bytes"
              },
              {
                "id": "custom.displayMode",
                "value": "color-background"
              },
              {
                "id": "color",
                "value": {
                  "mode": "continuous-blues"
                }
              }
            ]
          },
          {
            "matcher": {
              "id": "byName",
              "options": "容器文件系统读取速率"
            },
            "properties": [
              {
                "id": "unit",
                "value": "Bps"
              },
              {
                "id": "custom.displayMode",
                "value": "color-background"
              },
              {
                "id": "color",
                "value": {
                  "mode": "continuous-BlYlRd"
                }
              }
            ]
          },
          {
            "matcher": {
              "id": "byName",
              "options": "容器文件系统写入速率"
            },
            "properties": [
              {
                "id": "unit",
                "value": "Bps"
              },
              {
                "id": "custom.displayMode",
                "value": "color-background"
              },
              {
                "id": "color",
                "value": {
                  "mode": "continuous-BlYlRd"
                }
              }
            ]
          },
          {
            "matcher": {
              "id": "byName",
              "options": "网络下载"
            },
            "properties": [
              {
                "id": "unit",
                "value": "bps"
              },
              {
                "id": "custom.displayMode",
                "value": "color-background"
              },
              {
                "id": "color",
                "value": {
                  "mode": "continuous-BlYlRd"
                }
              }
            ]
          },
          {
            "matcher": {
              "id": "byName",
              "options": "网络上传"
            },
            "properties": [
              {
                "id": "unit",
                "value": "bps"
              },
              {
                "id": "custom.displayMode",
                "value": "color-background"
              },
              {
                "id": "color",
                "value": {
                  "mode": "continuous-BlYlRd"
                }
              }
            ]
          }
        ]
      },
      "fontSize": "100%",
      "gridPos": {
        "h": 7,
        "w": 24,
        "x": 0,
        "y": 1
      },
      "id": 2,
      "options": {
        "showHeader": true,
        "sortBy": [
          {
            "desc": false,
            "displayName": "ip"
          }
        ]
      },
      "pageSize": null,
      "pluginVersion": "7.3.3",
      "scroll": true,
      "showHeader": true,
      "sort": {
        "col": 1,
        "desc": false
      },
      "styles": [
        {
          "alias": "Time",
          "dateFormat": "YYYY-MM-DD HH:mm:ss",
          "pattern": "Time",
          "type": "date"
        },
        {
          "alias": "Instance",
          "colorMode": null,
          "colors": [
            "rgba(245, 54, 54, 0.9)",
            "rgba(237, 129, 40, 0.89)",
            "rgba(50, 172, 45, 0.97)"
          ],
          "dateFormat": "YYYY-MM-DD HH:mm:ss",
          "decimals": 0,
          "mappingType": 1,
          "pattern": "instance",
          "thresholds": [],
          "type": "number",
          "unit": "short"
        },
        {
          "alias": "Containers",
          "colorMode": null,
          "colors": [
            "#37872D",
            "rgba(237, 129, 40, 0.89)",
            "#C4162A"
          ],
          "dateFormat": "YYYY-MM-DD HH:mm:ss",
          "decimals": 0,
          "mappingType": 1,
          "pattern": "Value #A",
          "thresholds": [],
          "type": "number",
          "unit": "short"
        },
        {
          "alias": "CPU Core",
          "colorMode": null,
          "colors": [
            "#37872D",
            "#FA6400",
            "#C4162A"
          ],
          "dateFormat": "YYYY-MM-DD HH:mm:ss",
          "decimals": 0,
          "mappingType": 1,
          "pattern": "Value #B",
          "thresholds": [
            "80",
            "90"
          ],
          "type": "number",
          "unit": "short"
        },
        {
          "alias": "CPU",
          "colorMode": "cell",
          "colors": [
            "#37872D",
            "#FA6400",
            "#C4162A"
          ],
          "dateFormat": "YYYY-MM-DD HH:mm:ss",
          "decimals": 2,
          "mappingType": 1,
          "pattern": "Value #C",
          "thresholds": [
            "80",
            "90"
          ],
          "type": "number",
          "unit": "percent"
        },
        {
          "alias": "Mem",
          "colorMode": "cell",
          "colors": [
            "#37872D",
            "rgba(237, 129, 40, 0.89)",
            "#C4162A"
          ],
          "dateFormat": "YYYY-MM-DD HH:mm:ss",
          "decimals": 2,
          "mappingType": 1,
          "pattern": "Value #D",
          "thresholds": [
            "80",
            "90"
          ],
          "type": "number",
          "unit": "percent"
        },
        {
          "alias": "Mem Usage",
          "colorMode": null,
          "colors": [
            "#37872D",
            "rgba(237, 129, 40, 0.89)",
            "#C4162A"
          ],
          "dateFormat": "YYYY-MM-DD HH:mm:ss",
          "decimals": 2,
          "mappingType": 1,
          "pattern": "Value #E",
          "thresholds": [
            "80",
            "90"
          ],
          "type": "number",
          "unit": "bytes"
        },
        {
          "alias": "Mem Total",
          "colorMode": null,
          "colors": [
            "rgba(245, 54, 54, 0.9)",
            "rgba(237, 129, 40, 0.89)",
            "rgba(50, 172, 45, 0.97)"
          ],
          "dateFormat": "YYYY-MM-DD HH:mm:ss",
          "decimals": 2,
          "mappingType": 1,
          "pattern": "Value #F",
          "thresholds": [],
          "type": "number",
          "unit": "bytes"
        },
        {
          "alias": "I/O Tx",
          "colorMode": null,
          "colors": [
            "rgba(245, 54, 54, 0.9)",
            "rgba(237, 129, 40, 0.89)",
            "rgba(50, 172, 45, 0.97)"
          ],
          "dateFormat": "YYYY-MM-DD HH:mm:ss",
          "decimals": 2,
          "mappingType": 1,
          "pattern": "Value #G",
          "thresholds": [],
          "type": "number",
          "unit": "Bps"
        },
        {
          "alias": "I/O Rx",
          "colorMode": null,
          "colors": [
            "rgba(245, 54, 54, 0.9)",
            "rgba(237, 129, 40, 0.89)",
            "rgba(50, 172, 45, 0.97)"
          ],
          "dateFormat": "YYYY-MM-DD HH:mm:ss",
          "decimals": 2,
          "link": false,
          "mappingType": 1,
          "pattern": "Value #H",
          "thresholds": [],
          "type": "number",
          "unit": "Bps"
        },
        {
          "alias": "Net Tx",
          "colorMode": null,
          "colors": [
            "rgba(245, 54, 54, 0.9)",
            "rgba(237, 129, 40, 0.89)",
            "rgba(50, 172, 45, 0.97)"
          ],
          "dateFormat": "YYYY-MM-DD HH:mm:ss",
          "decimals": 2,
          "mappingType": 1,
          "pattern": "Value #I",
          "thresholds": [],
          "type": "number",
          "unit": "Bps"
        },
        {
          "alias": "Net Rx",
          "colorMode": null,
          "colors": [
            "rgba(50, 172, 45, 0.97)",
            "rgba(237, 129, 40, 0.89)",
            "rgba(245, 54, 54, 0.9)"
          ],
          "dateFormat": "YYYY-MM-DD HH:mm:ss",
          "decimals": 2,
          "mappingType": 1,
          "pattern": "Value #J",
          "thresholds": [],
          "type": "number",
          "unit": "Bps"
        }
      ],
      "targets": [
        {
          "expr": "count(container_last_seen{name=~\"$name\",instance=~\"$instance\",image!=\"\"}) by (instance)",
          "format": "table",
          "instant": true,
          "interval": "",
          "legendFormat": "",
          "refId": "A"
        },
        {
          "expr": "sum(machine_cpu_cores{instance=~\"$instance\"}) by (instance)",
          "format": "table",
          "instant": true,
          "interval": "",
          "legendFormat": "",
          "refId": "B"
        },
        {
          "expr": "sum(irate(container_cpu_user_seconds_total{name=~\"$name\",instance=~\"$instance\",image!=\"\"}[5m]) * 100)by (instance) / sum(machine_cpu_cores{instance=~\"$instance\"}) by (instance)",
          "format": "table",
          "instant": true,
          "interval": "",
          "legendFormat": "",
          "refId": "C"
        },
        {
          "expr": "((sum(container_memory_usage_bytes{name=~\"$name\",instance=~\"$instance\",image!=\"\"}) by (instance) - sum(container_memory_cache{name=~\"$name\",instance=~\"$instance\",image!=\"\"}) by (instance)) / sum(machine_memory_bytes{instance=~\"$instance\"}) by (instance)) * 100",
          "format": "table",
          "instant": true,
          "interval": "",
          "legendFormat": "",
          "refId": "D"
        },
        {
          "expr": "sum(container_memory_usage_bytes{name=~\"$name\",instance=~\"$instance\",image!=\"\"}) by (instance) - sum(container_memory_cache{name=~\"$name\",instance=~\"$instance\",image!=\"\"}) by (instance)",
          "format": "table",
          "instant": true,
          "interval": "",
          "legendFormat": "",
          "refId": "E"
        },
        {
          "expr": "sum(machine_memory_bytes{instance=~\"$instance\"}) by (instance)",
          "format": "table",
          "instant": true,
          "interval": "",
          "legendFormat": "",
          "refId": "F"
        },
        {
          "expr": "sum(irate(container_fs_reads_bytes_total{name=~\"$name\",instance=~\"$instance\",image!=\"\"}[5m]))by (instance)",
          "format": "table",
          "instant": true,
          "interval": "",
          "legendFormat": "",
          "refId": "G"
        },
        {
          "expr": "sum(irate(container_fs_writes_bytes_total{name=~\"$name\",instance=~\"$instance\",image!=\"\"}[5m]))by (instance)",
          "format": "table",
          "instant": true,
          "interval": "",
          "legendFormat": "",
          "refId": "H"
        },
        {
          "expr": "sum(irate(container_network_transmit_bytes_total{name=~\"$name\",instance=~\"$instance\",image!=\"\",interface=\"$interface\"}[5m]))by (instance)",
          "format": "table",
          "instant": true,
          "interval": "",
          "legendFormat": "",
          "refId": "I"
        },
        {
          "expr": "sum(irate(container_network_receive_bytes_total{name=~\"$name\",instance=~\"$instance\",image!=\"\",interface=\"$interface\"}[5m]))by (instance)",
          "format": "table",
          "instant": true,
          "interval": "",
          "legendFormat": "",
          "refId": "J"
        }
      ],
      "timeFrom": null,
      "timeShift": null,
      "title": "Node list",
      "transform": "table",
      "transformations": [
        {
          "id": "merge",
          "options": {}
        },
        {
          "id": "organize",
          "options": {
            "excludeByName": {
              "Time": true
            },
            "indexByName": {},
            "renameByName": {
              "Value #A": "容器数量",
              "Value #B": "cpu使用率",
              "Value #C": "内存使用量",
              "Value #D": "容器文件系统读取速率",
              "Value #E": "容器文件系统写入速率",
              "Value #F": "网络下载",
              "Value #G": "网络上传",
              "instance": "ip"
            }
          }
        }
      ],
      "type": "table"
    },
    {
      "collapsed": false,
      "datasource": "${DS_PROMETHEUS-FHY}",
      "gridPos": {
        "h": 1,
        "w": 24,
        "x": 0,
        "y": 8
      },
      "id": 4,
      "panels": [],
      "title": "$name",
      "type": "row"
    },
    {
      "aliasColors": {},
      "bars": false,
      "dashLength": 10,
      "dashes": false,
      "datasource": "${DS_PROMETHEUS-FHY}",
      "decimals": 2,
      "fieldConfig": {
        "defaults": {
          "custom": {}
        },
        "overrides": []
      },
      "fill": 1,
      "fillGradient": 0,
      "gridPos": {
        "h": 9,
        "w": 24,
        "x": 0,
        "y": 9
      },
      "hiddenSeries": false,
      "id": 14,
      "legend": {
        "alignAsTable": true,
        "avg": false,
        "current": true,
        "hideEmpty": true,
        "hideZero": true,
        "max": true,
        "min": true,
        "rightSide": true,
        "show": true,
        "sideWidth": null,
        "sort": "current",
        "sortDesc": true,
        "total": false,
        "values": true
      },
      "lines": true,
      "linewidth": 2,
      "nullPointMode": "connected",
      "options": {
        "alertThreshold": true,
        "dataLinks": []
      },
      "percentage": false,
      "pluginVersion": "7.3.3",
      "pointradius": 2,
      "points": false,
      "renderer": "flot",
      "seriesOverrides": [],
      "spaceLength": 10,
      "stack": false,
      "steppedLine": false,
      "targets": [
        {
          "expr": "sum without (dc,from,id,${sum_without:csv}) (irate(container_cpu_user_seconds_total{name=~\"$name\",instance=~\"$instance\",image!=\"\"}[5m]) * 100)",
          "interval": "",
          "intervalFactor": 2,
          "legendFormat": "{{name}}: {{instance}}",
          "refId": "A"
        }
      ],
      "thresholds": [],
      "timeFrom": null,
      "timeRegions": [],
      "timeShift": null,
      "title": "CPU Usage:sum",
      "tooltip": {
        "shared": true,
        "sort": 2,
        "value_type": "individual"
      },
      "type": "graph",
      "xaxis": {
        "buckets": null,
        "mode": "time",
        "name": null,
        "show": true,
        "values": []
      },
      "yaxes": [
        {
          "format": "percent",
          "label": null,
          "logBase": 1,
          "max": null,
          "min": null,
          "show": true
        },
        {
          "format": "short",
          "label": "",
          "logBase": 1,
          "max": null,
          "min": null,
          "show": true
        }
      ],
      "yaxis": {
        "align": false,
        "alignLevel": null
      }
    },
    {
      "aliasColors": {},
      "bars": false,
      "dashLength": 10,
      "dashes": false,
      "datasource": "${DS_PROMETHEUS-FHY}",
      "decimals": 2,
      "fieldConfig": {
        "defaults": {
          "custom": {}
        },
        "overrides": []
      },
      "fill": 1,
      "fillGradient": 0,
      "gridPos": {
        "h": 9,
        "w": 24,
        "x": 0,
        "y": 18
      },
      "hiddenSeries": false,
      "id": 16,
      "legend": {
        "alignAsTable": true,
        "avg": false,
        "current": true,
        "max": true,
        "min": true,
        "rightSide": true,
        "show": true,
        "sort": "current",
        "sortDesc": true,
        "total": false,
        "values": true
      },
      "lines": true,
      "linewidth": 2,
      "nullPointMode": "connected",
      "options": {
        "alertThreshold": true,
        "dataLinks": []
      },
      "percentage": false,
      "pluginVersion": "7.3.3",
      "pointradius": 2,
      "points": false,
      "renderer": "flot",
      "seriesOverrides": [],
      "spaceLength": 10,
      "stack": false,
      "steppedLine": false,
      "targets": [
        {
          "expr": "sum without (dc,from,id,${sum_without:csv}) (container_memory_usage_bytes{name=~\"$name\",instance=~\"$instance\",image!=\"\"} - container_memory_cache{name=~\"$name\",instance=~\"$instance\",image!=\"\"})",
          "interval": "",
          "intervalFactor": 1,
          "legendFormat": "{{name}}: {{instance}}",
          "refId": "A"
        }
      ],
      "thresholds": [],
      "timeFrom": null,
      "timeRegions": [],
      "timeShift": null,
      "title": "Memory Usage:sum",
      "tooltip": {
        "shared": true,
        "sort": 2,
        "value_type": "individual"
      },
      "type": "graph",
      "xaxis": {
        "buckets": null,
        "mode": "time",
        "name": null,
        "show": true,
        "values": []
      },
      "yaxes": [
        {
          "format": "bytes",
          "label": null,
          "logBase": 1,
          "max": null,
          "min": null,
          "show": true
        },
        {
          "format": "short",
          "label": null,
          "logBase": 1,
          "max": null,
          "min": null,
          "show": false
        }
      ],
      "yaxis": {
        "align": false,
        "alignLevel": null
      }
    },
    {
      "aliasColors": {},
      "bars": false,
      "dashLength": 10,
      "dashes": false,
      "datasource": "${DS_PROMETHEUS-FHY}",
      "description": "",
      "fieldConfig": {
        "defaults": {
          "custom": {}
        },
        "overrides": []
      },
      "fill": 1,
      "fillGradient": 0,
      "gridPos": {
        "h": 9,
        "w": 12,
        "x": 0,
        "y": 27
      },
      "hiddenSeries": false,
      "id": 24,
      "legend": {
        "alignAsTable": true,
        "avg": true,
        "current": true,
        "hideEmpty": true,
        "hideZero": true,
        "max": true,
        "min": true,
        "show": true,
        "sort": "current",
        "sortDesc": true,
        "total": false,
        "values": true
      },
      "lines": true,
      "linewidth": 2,
      "nullPointMode": "connected",
      "options": {
        "alertThreshold": true,
        "dataLinks": []
      },
      "percentage": false,
      "pluginVersion": "7.3.3",
      "pointradius": 2,
      "points": false,
      "renderer": "flot",
      "seriesOverrides": [],
      "spaceLength": 10,
      "stack": false,
      "steppedLine": false,
      "targets": [
        {
          "expr": "sum without (dc,from,id,${sum_without:csv}) (irate(container_fs_writes_bytes_total{name=~\"$name\",instance=~\"$instance\",image!=\"\",device!~\"/dev/dm.*\"}[5m]))",
          "interval": "",
          "intervalFactor": 1,
          "legendFormat": "{{name}}: device=\"{{device}}\", instance=\"{{instance}}\"",
          "refId": "A"
        }
      ],
      "thresholds": [],
      "timeFrom": null,
      "timeRegions": [],
      "timeShift": null,
      "title": "I/O Tx:sum",
      "tooltip": {
        "shared": true,
        "sort": 2,
        "value_type": "individual"
      },
      "type": "graph",
      "xaxis": {
        "buckets": null,
        "mode": "time",
        "name": null,
        "show": true,
        "values": []
      },
      "yaxes": [
        {
          "decimals": null,
          "format": "Bps",
          "label": null,
          "logBase": 1,
          "max": null,
          "min": "0",
          "show": true
        },
        {
          "format": "short",
          "label": null,
          "logBase": 1,
          "max": null,
          "min": null,
          "show": true
        }
      ],
      "yaxis": {
        "align": false,
        "alignLevel": null
      }
    },
    {
      "aliasColors": {},
      "bars": false,
      "dashLength": 10,
      "dashes": false,
      "datasource": "${DS_PROMETHEUS-FHY}",
      "description": "",
      "fieldConfig": {
        "defaults": {
          "custom": {}
        },
        "overrides": []
      },
      "fill": 1,
      "fillGradient": 0,
      "gridPos": {
        "h": 9,
        "w": 12,
        "x": 12,
        "y": 27
      },
      "hiddenSeries": false,
      "id": 22,
      "legend": {
        "alignAsTable": true,
        "avg": true,
        "current": true,
        "hideEmpty": true,
        "hideZero": true,
        "max": true,
        "min": true,
        "rightSide": false,
        "show": true,
        "sort": "current",
        "sortDesc": true,
        "total": false,
        "values": true
      },
      "lines": true,
      "linewidth": 2,
      "nullPointMode": "connected",
      "options": {
        "alertThreshold": true,
        "dataLinks": []
      },
      "percentage": false,
      "pluginVersion": "7.3.3",
      "pointradius": 2,
      "points": false,
      "renderer": "flot",
      "seriesOverrides": [],
      "spaceLength": 10,
      "stack": false,
      "steppedLine": false,
      "targets": [
        {
          "expr": "sum without (dc,from,id,${sum_without:csv}) (irate(container_fs_reads_bytes_total{name=~\"$name\",instance=~\"$instance\",image!=\"\",device!~\"/dev/dm.*\"}[5m]))",
          "instant": false,
          "interval": "",
          "intervalFactor": 1,
          "legendFormat": "{{name}}: device=\"{{device}}\", instance=\"{{instance}}\"",
          "refId": "A"
        }
      ],
      "thresholds": [],
      "timeFrom": null,
      "timeRegions": [],
      "timeShift": null,
      "title": "I/O Rx:sum",
      "tooltip": {
        "shared": true,
        "sort": 2,
        "value_type": "individual"
      },
      "type": "graph",
      "xaxis": {
        "buckets": null,
        "mode": "time",
        "name": null,
        "show": true,
        "values": []
      },
      "yaxes": [
        {
          "format": "Bps",
          "label": null,
          "logBase": 1,
          "max": null,
          "min": "0",
          "show": true
        },
        {
          "format": "short",
          "label": null,
          "logBase": 1,
          "max": null,
          "min": null,
          "show": true
        }
      ],
      "yaxis": {
        "align": false,
        "alignLevel": null
      }
    },
    {
      "aliasColors": {},
      "bars": false,
      "dashLength": 10,
      "dashes": false,
      "datasource": "${DS_PROMETHEUS-FHY}",
      "fieldConfig": {
        "defaults": {
          "custom": {}
        },
        "overrides": []
      },
      "fill": 1,
      "fillGradient": 0,
      "gridPos": {
        "h": 9,
        "w": 12,
        "x": 0,
        "y": 36
      },
      "hiddenSeries": false,
      "id": 20,
      "interval": "",
      "legend": {
        "alignAsTable": true,
        "avg": true,
        "current": true,
        "hideEmpty": true,
        "hideZero": true,
        "max": true,
        "min": true,
        "show": true,
        "sort": "current",
        "sortDesc": true,
        "total": false,
        "values": true
      },
      "lines": true,
      "linewidth": 2,
      "nullPointMode": "connected",
      "options": {
        "alertThreshold": true,
        "dataLinks": []
      },
      "percentage": false,
      "pluginVersion": "7.3.3",
      "pointradius": 2,
      "points": false,
      "renderer": "flot",
      "seriesOverrides": [],
      "spaceLength": 10,
      "stack": false,
      "steppedLine": false,
      "targets": [
        {
          "expr": "sum without (dc,from,id,${sum_without:csv}) (irate(container_network_transmit_bytes_total{name=~\"$name\",instance=~\"$instance\",image!=\"\",interface=\"$interface\"}[5m]))",
          "interval": "",
          "intervalFactor": 2,
          "legendFormat": "{{name}}: {{instance}}",
          "refId": "A"
        }
      ],
      "thresholds": [],
      "timeFrom": null,
      "timeRegions": [],
      "timeShift": null,
      "title": "Network Tx:sum",
      "tooltip": {
        "shared": true,
        "sort": 2,
        "value_type": "individual"
      },
      "type": "graph",
      "xaxis": {
        "buckets": null,
        "mode": "time",
        "name": null,
        "show": true,
        "values": []
      },
      "yaxes": [
        {
          "format": "Bps",
          "label": null,
          "logBase": 1,
          "max": null,
          "min": null,
          "show": true
        },
        {
          "format": "short",
          "label": null,
          "logBase": 1,
          "max": null,
          "min": null,
          "show": true
        }
      ],
      "yaxis": {
        "align": false,
        "alignLevel": null
      }
    },
    {
      "aliasColors": {},
      "bars": false,
      "dashLength": 10,
      "dashes": false,
      "datasource": "${DS_PROMETHEUS-FHY}",
      "fieldConfig": {
        "defaults": {
          "custom": {}
        },
        "overrides": []
      },
      "fill": 1,
      "fillGradient": 0,
      "gridPos": {
        "h": 9,
        "w": 12,
        "x": 12,
        "y": 36
      },
      "hiddenSeries": false,
      "id": 18,
      "legend": {
        "alignAsTable": true,
        "avg": true,
        "current": true,
        "hideEmpty": true,
        "hideZero": true,
        "max": true,
        "min": true,
        "rightSide": false,
        "show": true,
        "sort": "current",
        "sortDesc": true,
        "total": false,
        "values": true
      },
      "lines": true,
      "linewidth": 2,
      "nullPointMode": "connected",
      "options": {
        "alertThreshold": true,
        "dataLinks": []
      },
      "percentage": false,
      "pluginVersion": "7.3.3",
      "pointradius": 2,
      "points": false,
      "renderer": "flot",
      "seriesOverrides": [],
      "spaceLength": 10,
      "stack": false,
      "steppedLine": false,
      "targets": [
        {
          "expr": "sum without (dc,from,id,${sum_without:csv}) (irate(container_network_receive_bytes_total{name=~\"$name\",instance=~\"$instance\",image!=\"\",interface=\"$interface\"}[5m]))",
          "instant": false,
          "interval": "",
          "intervalFactor": 2,
          "legendFormat": "{{name}}: {{instance}}",
          "refId": "A"
        }
      ],
      "thresholds": [],
      "timeFrom": null,
      "timeRegions": [],
      "timeShift": null,
      "title": "Network Rx:sum",
      "tooltip": {
        "shared": true,
        "sort": 2,
        "value_type": "individual"
      },
      "type": "graph",
      "xaxis": {
        "buckets": null,
        "mode": "time",
        "name": null,
        "show": true,
        "values": []
      },
      "yaxes": [
        {
          "decimals": null,
          "format": "Bps",
          "label": null,
          "logBase": 1,
          "max": null,
          "min": null,
          "show": true
        },
        {
          "format": "short",
          "label": null,
          "logBase": 1,
          "max": null,
          "min": null,
          "show": true
        }
      ],
      "yaxis": {
        "align": false,
        "alignLevel": null
      }
    }
  ],
  "refresh": "5s",
  "schemaVersion": 19,
  "style": "dark",
  "tags": [
    "docker",
    "Prometheus"
  ],
  "templating": {
    "list": [
      {
        "allValue": null,
        "current": {},
        "datasource": "${DS_PROMETHEUS-FHY}",
        "definition": "label_values(container_cpu_user_seconds_total, job)",
        "hide": 0,
        "includeAll": false,
        "label": "job",
        "multi": false,
        "name": "job",
        "options": [],
        "query": "label_values(container_cpu_user_seconds_total, job)",
        "refresh": 2,
        "regex": "",
        "skipUrlSync": false,
        "sort": 6,
        "tagValuesQuery": "",
        "tags": [],
        "tagsQuery": "",
        "type": "query",
        "useTags": false
      },
      {
        "allValue": ".*",
        "current": {},
        "datasource": "${DS_PROMETHEUS-FHY}",
        "definition": "label_values(container_cpu_user_seconds_total{job=\"$job\",from=\"docker\"}, name)",
        "error": null,
        "hide": 0,
        "includeAll": true,
        "label": "name",
        "multi": true,
        "name": "name",
        "options": [],
        "query": "label_values(container_cpu_user_seconds_total{job=\"$job\",from=\"docker\"}, name)",
        "refresh": 2,
        "regex": "",
        "skipUrlSync": false,
        "sort": 6,
        "tagValuesQuery": "",
        "tags": [],
        "tagsQuery": "",
        "type": "query",
        "useTags": false
      },
      {
        "allValue": ".*",
        "current": {},
        "datasource": "${DS_PROMETHEUS-FHY}",
        "definition": "label_values(container_cpu_user_seconds_total{name=~\"$name\"}, instance)",
        "error": null,
        "hide": 0,
        "includeAll": true,
        "label": "instance",
        "multi": true,
        "name": "instance",
        "options": [],
        "query": "label_values(container_cpu_user_seconds_total{name=~\"$name\"}, instance)",
        "refresh": 2,
        "regex": "",
        "skipUrlSync": false,
        "sort": 5,
        "tagValuesQuery": "",
        "tags": [],
        "tagsQuery": "",
        "type": "query",
        "useTags": false
      },
      {
        "allValue": ".*",
        "current": {},
        "datasource": "${DS_PROMETHEUS-FHY}",
        "definition": "label_values(container_network_receive_bytes_total{name=~\"$name\",instance=~\"$instance\"}, interface)",
        "error": null,
        "hide": 0,
        "includeAll": false,
        "label": "interface",
        "multi": false,
        "name": "interface",
        "options": [],
        "query": "label_values(container_network_receive_bytes_total{name=~\"$name\",instance=~\"$instance\"}, interface)",
        "refresh": 2,
        "regex": "",
        "skipUrlSync": false,
        "sort": 5,
        "tagValuesQuery": "",
        "tags": [],
        "tagsQuery": "",
        "type": "query",
        "useTags": false
      },
      {
        "allValue": "",
        "current": {
          "text": "All",
          "value": [
            "$__all"
          ]
        },
        "hide": 0,
        "includeAll": true,
        "label": "sum",
        "multi": true,
        "name": "sum_without",
        "options": [
          {
            "selected": true,
            "text": "All",
            "value": "$__all"
          },
          {
            "selected": false,
            "text": "unsum",
            "value": "unsum"
          },
          {
            "selected": false,
            "text": "instance",
            "value": "instance"
          },
          {
            "selected": false,
            "text": "image",
            "value": "image"
          },
          {
            "selected": false,
            "text": "container_label_restartcount",
            "value": "container_label_restartcount"
          },
          {
            "selected": false,
            "text": "device",
            "value": "device"
          }
        ],
        "query": "unsum,instance,image,container_label_restartcount,device",
        "skipUrlSync": false,
        "type": "custom"
      }
    ]
  },
  "time": {
    "from": "now-15m",
    "to": "now"
  },
  "timepicker": {
    "refresh_intervals": [
      "5s",
      "10s",
      "30s",
      "1m",
      "5m",
      "15m",
      "30m",
      "1h",
      "2h",
      "1d"
    ]
  },
  "timezone": "browser",
  "title": "Docker-cAdvisor",
  "uid": "htoVWdxGt",
  "version": 3
}